first_name,last_name,email
Margaret,Thomas,margaret.thomas@hotmail.com
Andrew,Bailey,andrew.bailey@zoho.com
Daniel,Perez,danielperez@protonmail.com
Anna,Green,anna.green@aol.com
Kathleen,Morris,kathleen.morris@icloud.com
John,Evans,johnevans@protonmail.com
Barbara,Jackson,barbara.jackson@protonmail.com
Jason,Edwards,jasonedwards@hotmail.com
Stephen,Nelson,stephennelson@icloud.com
James,Cox,james.cox@aol.com
Matthew,Clark,mclark@icloud.com
David,Watson,david.watson@protonmail.com
Kimberly,Roberts,kimberlyroberts@mail.com
Edward,Sanchez,edwardsanchez@protonmail.com
James,Brown,jbrown@hotmail.com
Linda,James,lindajames@yahoo.com
Jonathan,Garcia,jonathan.garcia@outlook.com
Rebecca,Martin,rmartin@aol.com
Brian,Brown,brian.brown@aol.com
Jonathan,Bell,jonathan.bell@yahoo.com
Ryan,Peterson,ryan.peterson@yahoo.com
Carol,Carter,carol.carter@zoho.com
Betty,Thompson,bthompson@aol.com
Cynthia,King,cynthia.king@protonmail.com
Dorothy,Torres,dorothy.torres@icloud.com
Matthew,Gray,matthewgray@zoho.com
George,White,georgewhite@aol.com
Michelle,Ward,michelle.ward@aol.com
Ronald,Collins,ronaldcollins@gmail.com
Jessica,Edwards,jedwards@mail.com
Elizabeth,Edwards,eedwards@mail.com
Ashley,Bell,ashleybell@hotmail.com
George,Thomas,george.thomas@example.com
Sarah,Walker,swalker@icloud.com
Deborah,Lewis,dlewis@example.com
Carol,Rivera,carolrivera@zoho.com
Thomas,Perez,thomas.perez@aol.com
Barbara,Baker,bbaker@protonmail.com
Daniel,Ward,dward@outlook.com
Sandra,Martin,sandra.martin@aol.com
Christopher,Cook,christopher.cook@outlook.com
Shirley,Watson,swatson@icloud.com
Anna,Garcia,anna.garcia@aol.com
Lisa,Peterson,lisapeterson@gmail.com
Andrew,Collins,andrewcollins@aol.com
Eric,Murphy,eric.murphy@icloud.com
Laura,Garcia,laura.garcia@zoho.com
Carol,James,cjames@hotmail.com
James,Ramirez,james.ramirez@mail.com
Margaret,Wright,margaret.wright@gmail.com
Charles,White,charleswhite@example.com
Michael,Scott,michael.scott@zoho.com
Matthew,Thomas,mthomas@zoho.com
Mary,Clark,mclark@yahoo.com
Kevin,Garcia,kevingarcia@outlook.com
Emily,Robinson,emilyrobinson@zoho.com
Jonathan,Thompson,jonathan.thompson@yahoo.com
Elizabeth,Allen,elizabethallen@hotmail.com
Carol,Baker,carolbaker@zoho.com
Ashley,Williams,ashleywilliams@yahoo.com
Michelle,Lopez,michelle.lopez@mail.com
Angela,Anderson,aanderson@outlook.com
Ronald,Lee,ronaldlee@gmail.com
Deborah,Parker,deborah.parker@zoho.com
Daniel,Parker,dparker@protonmail.com
Thomas,Ward,tward@hotmail.com
Cynthia,Parker,cparker@zoho.com
Christopher,Miller,christophermiller@icloud.com
Joseph,Morgan,joseph.morgan@aol.com
Jonathan,Phillips,jonathan.phillips@outlook.com
Daniel,Carter,daniel.carter@hotmail.com
Charles,Cooper,charlescooper@protonmail.com
Timothy,Sanchez,timothysanchez@icloud.com
Amanda,Anderson,amanda.anderson@hotmail.com
Matthew,Richardson,matthew.richardson@protonmail.com
Dorothy,King,dorothyking@zoho.com
Michelle,Turner,michelleturner@gmail.com
Betty,Jones,bjones@yahoo.com
Gary,Davis,gdavis@aol.com
Robert,Howard,rhoward@mail.com
Betty,Martin,bettymartin@gmail.com
Edward,Anderson,eanderson@zoho.com
Kevin,Mitchell,kevinmitchell@yahoo.com
Edward,Bailey,edward.bailey@example.com
Sandra,Baker,sbaker@outlook.com
Amy,Cook,amy.cook@mail.com
Michelle,Stewart,michelle.stewart@yahoo.com
Kimberly,Garcia,kimberly.garcia@outlook.com
Mark,Anderson,mark.anderson@aol.com
Stephen,Jones,stephen.jones@example.com
Stephanie,Taylor,stephanie.taylor@aol.com
Ryan,Torres,ryan.torres@outlook.com
Sandra,Nelson,snelson@protonmail.com
Gary,Peterson,garypeterson@mail.com
Jessica,Evans,jessica.evans@protonmail.com
Cynthia,Jones,cynthiajones@aol.com
John,Gonzalez,john.gonzalez@example.com
Shirley,Phillips,shirleyphillips@example.com
Richard,Rivera,rrivera@outlook.com
Carol,Perez,cperez@gmail.com
David,Scott,davidscott@yahoo.com
Jessica,Thomas,jthomas@icloud.com
Anthony,Ramirez,anthonyramirez@yahoo.com
Ryan,Brown,rbrown@zoho.com
Deborah,Thompson,deborah.thompson@gmail.com
Steven,Nelson,stevennelson@protonmail.com
Betty,Murphy,bmurphy@gmail.com
Emily,Roberts,emily.roberts@hotmail.com
Sarah,Hernandez,shernandez@gmail.com
Karen,Lee,karenlee@mail.com
Jennifer,Baker,jenniferbaker@icloud.com
Lisa,Rogers,lisa.rogers@protonmail.com
Mark,Miller,markmiller@outlook.com
Jennifer,Baker,jennifer.baker@hotmail.com
Paul,Lewis,paullewis@zoho.com
Gary,Bailey,gary.bailey@gmail.com
Barbara,Allen,ballen@hotmail.com
Emily,Baker,ebaker@icloud.com
George,Stewart,georgestewart@zoho.com
Elizabeth,Martin,elizabethmartin@outlook.com
Anna,Lewis,anna.lewis@example.com
Ronald,Stewart,ronaldstewart@aol.com
George,Roberts,groberts@gmail.com
Charles,Garcia,charlesgarcia@yahoo.com
Stephen,Johnson,stephen.johnson@outlook.com
Joseph,Wright,joseph.wright@protonmail.com
Melissa,Carter,melissacarter@outlook.com
Karen,Cooper,karencooper@outlook.com
Timothy,Adams,tadams@hotmail.com
Joseph,White,jwhite@example.com
Steven,King,sking@example.com
Laura,Lopez,llopez@hotmail.com
John,Edwards,john.edwards@aol.com
Susan,Taylor,susantaylor@aol.com
Richard,Hernandez,richardhernandez@aol.com
David,Williams,david.williams@mail.com
Eric,Lopez,eric.lopez@protonmail.com
Betty,Miller,bettymiller@icloud.com
Carol,Ward,cward@icloud.com
John,Howard,johnhoward@mail.com
Dorothy,Thompson,dorothythompson@aol.com
Amanda,Garcia,amanda.garcia@hotmail.com
Kimberly,Evans,kimberlyevans@hotmail.com
Angela,King,aking@hotmail.com
Carol,Robinson,carol.robinson@hotmail.com
Kevin,Morris,kevinmorris@aol.com
Ruth,Evans,ruth.evans@zoho.com
Sarah,Lee,sarah.lee@zoho.com
Amanda,Green,agreen@gmail.com
Jason,Garcia,jgarcia@protonmail.com
Thomas,Thomas,tthomas@hotmail.com
Donna,Jones,donnajones@gmail.com
Laura,Turner,laura.turner@outlook.com
Edward,Hill,edward.hill@aol.com
Jacob,Williams,jacob.williams@outlook.com
Shirley,Murphy,shirleymurphy@yahoo.com
Amanda,Sanchez,amanda.sanchez@protonmail.com
Gary,Adams,garyadams@zoho.com
Linda,Parker,lindaparker@aol.com
Emily,Thomas,emilythomas@aol.com
Jennifer,Wilson,jenniferwilson@icloud.com
Kimberly,Gray,kgray@zoho.com
Stephanie,King,stephanieking@protonmail.com
Steven,Rodriguez,steven.rodriguez@mail.com
William,Howard,williamhoward@zoho.com
Jason,Miller,jmiller@zoho.com
Margaret,Roberts,margaretroberts@protonmail.com
Elizabeth,Ramirez,eramirez@example.com
Mary,Rivera,mary.rivera@example.com
Paul,Bell,paulbell@icloud.com
Kenneth,Jones,kjones@icloud.com
Jeffrey,Lewis,jeffreylewis@protonmail.com
Amanda,Wright,awright@hotmail.com
Jason,Baker,jbaker@hotmail.com
Thomas,Mitchell,thomas.mitchell@zoho.com
Kenneth,Parker,kparker@outlook.com
Michael,Mitchell,michael.mitchell@hotmail.com
Thomas,Edwards,thomas.edwards@yahoo.com
Daniel,Adams,dadams@gmail.com
Ashley,Robinson,arobinson@zoho.com
Thomas,Moore,thomas.moore@aol.com
Paul,Taylor,ptaylor@aol.com
Kimberly,Bell,kbell@example.com
Michael,Campbell,michael.campbell@gmail.com
Christopher,Rogers,christopher.rogers@outlook.com
Jennifer,Bell,jbell@aol.com
Timothy,Reed,treed@example.com
Sandra,Hernandez,sandra.hernandez@gmail.com
Amanda,Turner,amandaturner@hotmail.com
Shirley,Clark,shirleyclark@aol.com
Betty,Cooper,betty.cooper@outlook.com
Lisa,Lewis,llewis@aol.com
Sarah,Baker,sarah.baker@zoho.com
Andrew,King,andrewking@aol.com
Kathleen,Williams,kwilliams@protonmail.com
Ryan,Martin,rmartin@zoho.com
Mark,Hall,mhall@aol.com
Michelle,Taylor,mtaylor@gmail.com
Lisa,Anderson,lisa.anderson@icloud.com
Jeffrey,Smith,jsmith@zoho.com
Ruth,Martinez,ruth.martinez@gmail.com
Sandra,Stewart,sstewart@mail.com
Michael,Hernandez,mhernandez@hotmail.com
John,Allen,john.allen@aol.com
Michelle,Perez,michelleperez@zoho.com
Kathleen,Hall,khall@yahoo.com
Donna,Howard,donnahoward@gmail.com
Patricia,Evans,patriciaevans@yahoo.com
Brian,Carter,brian.carter@protonmail.com
Jason,Martin,jason.martin@example.com
Steven,Wright,stevenwright@example.com
Jeffrey,Peterson,jpeterson@icloud.com
Angela,Perez,angelaperez@outlook.com
Ruth,White,rwhite@icloud.com
Ruth,Nelson,ruthnelson@icloud.com
Kimberly,Walker,kimberly.walker@protonmail.com
David,Cook,davidcook@protonmail.com
Ashley,Richardson,ashleyrichardson@icloud.com
William,Sanchez,william.sanchez@protonmail.com
Amanda,Parker,amandaparker@zoho.com
Edward,Thomas,edwardthomas@mail.com
Paul,Bell,paulbell@mail.com
Melissa,Gonzalez,melissa.gonzalez@hotmail.com
Melissa,Green,melissagreen@yahoo.com
Susan,Edwards,sedwards@example.com
Kimberly,Cook,kimberly.cook@example.com
Patricia,Parker,pparker@outlook.com
Donald,Turner,donaldturner@gmail.com
Jeffrey,Anderson,jeffrey.anderson@zoho.com
Matthew,Peterson,matthewpeterson@zoho.com
Michael,Torres,michaeltorres@icloud.com
Thomas,Bailey,tbailey@hotmail.com
Mary,Young,mary.young@outlook.com
Kimberly,James,kjames@mail.com
Angela,Collins,acollins@outlook.com
Mary,Cox,mary.cox@aol.com
Sarah,Green,sarahgreen@gmail.com
Linda,Green,lgreen@example.com
Karen,Howard,karenhoward@gmail.com
William,Richardson,williamrichardson@gmail.com
Dorothy,Taylor,dtaylor@example.com
Barbara,Rogers,barbara.rogers@icloud.com
Shirley,Howard,showard@icloud.com
Rebecca,Brown,rbrown@outlook.com
Linda,Torres,ltorres@zoho.com
Carol,Thomas,carol.thomas@zoho.com
William,Moore,williammoore@hotmail.com
Melissa,Martinez,mmartinez@aol.com
Susan,Stewart,susanstewart@example.com
Daniel,Cooper,daniel.cooper@yahoo.com
Mark,Hernandez,mark.hernandez@aol.com
Angela,Gray,angelagray@yahoo.com
Laura,Evans,laura.evans@zoho.com
George,Hall,ghall@mail.com
John,Reed,johnreed@outlook.com
Amy,Jackson,amy.jackson@outlook.com
Carol,Phillips,carolphillips@hotmail.com
William,Clark,wclark@hotmail.com
Melissa,Reed,melissa.reed@zoho.com
Jacob,Murphy,jacob.murphy@aol.com
Joseph,Anderson,janderson@icloud.com
William,Lee,williamlee@yahoo.com
David,Young,david.young@protonmail.com
Amanda,Campbell,acampbell@hotmail.com
Kathleen,Richardson,krichardson@icloud.com
Linda,Thompson,linda.thompson@protonmail.com
Nicholas,Robinson,nrobinson@hotmail.com
Ronald,Baker,ronaldbaker@mail.com
Kimberly,Bailey,kbailey@outlook.com
Betty,Morgan,bettymorgan@example.com
Andrew,Miller,andrewmiller@protonmail.com
Donna,Wilson,dwilson@zoho.com
Brian,Wilson,bwilson@aol.com
Timothy,Young,timothy.young@zoho.com
Stephen,Martinez,stephenmartinez@protonmail.com
Michelle,Mitchell,michelle.mitchell@mail.com
Donald,Collins,dcollins@aol.com
Kathleen,Garcia,kgarcia@gmail.com
Barbara,Scott,barbara.scott@yahoo.com
Amanda,Carter,acarter@icloud.com
Jason,Anderson,jasonanderson@gmail.com
Donald,Wright,dwright@zoho.com
Sarah,Perez,sperez@yahoo.com
Gary,Turner,gary.turner@aol.com
Gary,Roberts,gary.roberts@aol.com
Donna,Garcia,donna.garcia@yahoo.com
Brian,Taylor,btaylor@hotmail.com
Susan,Howard,susan.howard@yahoo.com
Jeffrey,Brown,jeffrey.brown@protonmail.com
Melissa,White,mwhite@example.com
Margaret,Collins,margaret.collins@outlook.com
Jacob,Morris,jacob.morris@example.com
Donna,Brown,donna.brown@yahoo.com
Joseph,Lopez,josephlopez@example.com
Ryan,Davis,rdavis@zoho.com
Jacob,Anderson,janderson@mail.com
Andrew,King,andrewking@hotmail.com
Jason,Garcia,jason.garcia@yahoo.com
Emily,Murphy,emily.murphy@zoho.com
Edward,Martinez,edwardmartinez@mail.com
Patricia,Watson,patricia.watson@hotmail.com
Melissa,Watson,mwatson@protonmail.com
Gary,Reed,greed@mail.com
Emily,Anderson,emilyanderson@outlook.com
Nicholas,Edwards,nicholasedwards@mail.com
Lisa,Nelson,lisa.nelson@icloud.com
Linda,Hall,lindahall@hotmail.com
Ruth,Gray,ruthgray@icloud.com
Shirley,Adams,shirley.adams@yahoo.com
Donald,Thompson,donald.thompson@mail.com
Emily,Moore,emilymoore@icloud.com
Donna,Bailey,donnabailey@yahoo.com
Kevin,Robinson,kevin.robinson@protonmail.com
Karen,Martin,karen.martin@icloud.com
Jeffrey,Bailey,jbailey@protonmail.com
Mark,Cook,markcook@outlook.com
Eric,Carter,ericcarter@gmail.com
Kathleen,Bailey,kathleenbailey@gmail.com
Joshua,Stewart,joshuastewart@mail.com
Amy,Scott,ascott@hotmail.com
Stephen,Cooper,scooper@protonmail.com
George,Hernandez,ghernandez@protonmail.com
Emily,Stewart,emily.stewart@gmail.com
Robert,Davis,robertdavis@aol.com
Amanda,Evans,amandaevans@aol.com
Jessica,Brown,jbrown@example.com
Karen,Sanchez,ksanchez@gmail.com
Michael,Turner,michael.turner@hotmail.com
Laura,Collins,laura.collins@mail.com
Gary,Brown,gary.brown@gmail.com
Shirley,Cook,shirleycook@gmail.com
Amanda,Johnson,amanda.johnson@zoho.com
Margaret,Robinson,margaretrobinson@example.com
Anthony,Lee,anthony.lee@mail.com
Shirley,Phillips,shirley.phillips@outlook.com
Dorothy,Garcia,dgarcia@protonmail.com
Ryan,Gonzalez,ryangonzalez@icloud.com
Nicholas,Phillips,nicholas.phillips@mail.com
Rebecca,Jackson,rjackson@icloud.com
Jonathan,Moore,jmoore@hotmail.com
Karen,Ward,karen.ward@mail.com
Kevin,Cook,kcook@hotmail.com
Kenneth,Adams,kadams@example.com
Linda,Watson,linda.watson@yahoo.com
Christopher,Scott,christopher.scott@outlook.com
Sandra,Murphy,sandra.murphy@yahoo.com
Timothy,Evans,timothyevans@mail.com
Margaret,Lewis,mlewis@icloud.com
Nicholas,Hill,nicholas.hill@icloud.com
Anthony,Mitchell,anthonymitchell@aol.com
Steven,Garcia,stevengarcia@gmail.com
Timothy,Nelson,tnelson@protonmail.com
Christopher,Rivera,christopherrivera@zoho.com
Kevin,Brown,kevin.brown@icloud.com
Jason,Carter,jason.carter@hotmail.com
Ashley,Green,ashleygreen@protonmail.com
Jason,Moore,jmoore@icloud.com
Michelle,Rivera,michelle.rivera@icloud.com
Matthew,Morris,matthewmorris@aol.com
Margaret,Gray,margaret.gray@protonmail.com
Angela,Rodriguez,angelarodriguez@yahoo.com
Melissa,Allen,melissa.allen@icloud.com
Dorothy,Perez,dorothy.perez@icloud.com
Ryan,Green,ryan.green@yahoo.com
Stephanie,Williams,swilliams@zoho.com
Margaret,Wilson,margaretwilson@hotmail.com
Thomas,Bailey,tbailey@icloud.com
Brian,King,brian.king@mail.com
Ashley,Walker,ashley.walker@gmail.com
Michael,Martin,michael.martin@mail.com
Daniel,Turner,daniel.turner@yahoo.com
John,Ward,johnward@gmail.com
Jacob,Howard,jacob.howard@yahoo.com
Steven,Lee,slee@zoho.com
David,Stewart,dstewart@gmail.com
Steven,Scott,steven.scott@outlook.com
Shirley,Jackson,shirley.jackson@gmail.com
Cynthia,Hernandez,cynthiahernandez@hotmail.com
Thomas,Jones,thomas.jones@yahoo.com
George,Cook,gcook@gmail.com
Elizabeth,Miller,elizabethmiller@zoho.com
Cynthia,Bailey,cbailey@aol.com
Kimberly,Hernandez,khernandez@hotmail.com
Daniel,Garcia,danielgarcia@zoho.com
Donna,Sanchez,donnasanchez@yahoo.com
Daniel,Green,dgreen@hotmail.com
Andrew,Johnson,ajohnson@gmail.com
Jessica,Perez,jessica.perez@zoho.com
Christopher,Roberts,christopher.roberts@example.com
Lisa,Taylor,lisa.taylor@protonmail.com
Sandra,Lopez,slopez@icloud.com
Christopher,Wilson,cwilson@zoho.com
Kevin,Cooper,kcooper@hotmail.com
Kathleen,Campbell,kathleencampbell@example.com
Donna,Bailey,donnabailey@aol.com
Joseph,Green,jgreen@mail.com
Paul,Carter,pcarter@aol.com
Margaret,Morris,mmorris@icloud.com
Kathleen,White,kathleen.white@hotmail.com
Nancy,Walker,nwalker@protonmail.com
Anthony,Robinson,anthony.robinson@icloud.com
Kevin,Lewis,kevinlewis@gmail.com
Jeffrey,Williams,jwilliams@hotmail.com
Nicholas,Smith,nsmith@hotmail.com
Amy,Cooper,amy.cooper@outlook.com
Gary,Murphy,gary.murphy@mail.com
Jeffrey,Morgan,jmorgan@mail.com
Jeffrey,Turner,jeffrey.turner@gmail.com
Jennifer,Edwards,jenniferedwards@yahoo.com
Amy,Martinez,amartinez@gmail.com
Paul,Morgan,pmorgan@yahoo.com
Sarah,Sanchez,sarah.sanchez@hotmail.com
Mary,Thomas,marythomas@aol.com
Stephanie,Perez,sperez@protonmail.com
Carol,Hall,carol.hall@yahoo.com
Nancy,Harris,nancy.harris@yahoo.com
Jennifer,Edwards,jenniferedwards@example.com
Charles,Gonzalez,charlesgonzalez@zoho.com
Jacob,Hill,jacob.hill@gmail.com
Melissa,Phillips,melissaphillips@example.com
George,Rogers,george.rogers@example.com
Mark,Campbell,mark.campbell@zoho.com
Anna,Anderson,aanderson@aol.com
George,Clark,georgeclark@gmail.com
Ryan,Wright,ryanwright@yahoo.com
Sarah,Cooper,scooper@yahoo.com
Thomas,Harris,tharris@icloud.com
Amanda,Thomas,amandathomas@zoho.com
Jessica,Scott,jessicascott@hotmail.com
Emily,Johnson,emily.johnson@hotmail.com
Stephanie,Cook,stephanie.cook@protonmail.com
Michelle,Roberts,mroberts@example.com
Andrew,Nelson,andrewnelson@hotmail.com
Ruth,James,rjames@protonmail.com
Nicholas,Lee,nlee@zoho.com
Jonathan,Brown,jonathanbrown@icloud.com
Kenneth,Wright,kenneth.wright@aol.com
James,Cook,jcook@aol.com
Patricia,Gray,patricia.gray@icloud.com
James,Gray,james.gray@mail.com
Cynthia,White,cynthia.white@outlook.com
Kathleen,Martinez,kathleenmartinez@protonmail.com
Ruth,Thomas,ruththomas@outlook.com
Donna,Baker,donna.baker@gmail.com
Elizabeth,Cox,elizabethcox@yahoo.com
Jason,Carter,jason.carter@mail.com
Nicholas,Cooper,nicholascooper@protonmail.com
Daniel,Murphy,dmurphy@yahoo.com
Cynthia,Hernandez,cynthiahernandez@mail.com
John,Collins,john.collins@aol.com
Jessica,Howard,jessica.howard@icloud.com
Timothy,Jackson,timothyjackson@outlook.com
Melissa,Jones,mjones@gmail.com
Eric,Cox,ecox@gmail.com
Sharon,Roberts,sharon.roberts@example.com
Jacob,Richardson,jacobrichardson@outlook.com
John,Perez,john.perez@aol.com
Jessica,Gonzalez,jessica.gonzalez@aol.com
George,Walker,georgewalker@mail.com
David,White,davidwhite@icloud.com
Charles,James,charles.james@example.com
Eric,Ward,eward@yahoo.com
Daniel,White,daniel.white@example.com
Nancy,Reed,nancyreed@zoho.com
Emily,Scott,emily.scott@hotmail.com
Deborah,Torres,deborah.torres@mail.com
Sharon,Rogers,sharonrogers@yahoo.com
Eric,Johnson,eric.johnson@zoho.com
Margaret,Cooper,margaret.cooper@aol.com
Stephanie,Carter,scarter@mail.com
David,Davis,daviddavis@protonmail.com
Kathleen,Stewart,kstewart@yahoo.com
Ashley,James,ashley.james@hotmail.com
Kevin,Morris,kevin.morris@aol.com
Kevin,Wilson,kevin.wilson@outlook.com
Stephen,Martinez,stephenmartinez@icloud.com
George,Perez,george.perez@zoho.com
Joshua,Howard,jhoward@icloud.com
Patricia,Jackson,patricia.jackson@aol.com
Jennifer,Watson,jenniferwatson@outlook.com
Rebecca,Rogers,rebeccarogers@protonmail.com
Mary,Robinson,mrobinson@aol.com
Donna,Clark,donnaclark@protonmail.com
David,Stewart,dstewart@hotmail.com
Susan,Walker,susanwalker@aol.com
Rebecca,Johnson,rjohnson@gmail.com
Melissa,Rogers,melissarogers@outlook.com
Charles,Jones,charles.jones@zoho.com
Timothy,White,twhite@outlook.com
Barbara,Morris,bmorris@hotmail.com
Stephanie,Gonzalez,sgonzalez@zoho.com
Robert,Phillips,robertphillips@mail.com
Lisa,Garcia,lgarcia@protonmail.com
Elizabeth,Martinez,elizabethmartinez@zoho.com
Kathleen,Moore,kathleen.moore@zoho.com
Ronald,Torres,ronald.torres@zoho.com
Ashley,Lopez,alopez@outlook.com
Deborah,Walker,deborah.walker@mail.com
Anna,Morris,anna.morris@aol.com
George,Brown,george.brown@gmail.com
Jeffrey,Anderson,jeffrey.anderson@gmail.com
Jeffrey,Allen,jeffreyallen@example.com
Thomas,Rogers,trogers@example.com
Michael,Anderson,michael.anderson@hotmail.com
Ruth,Garcia,ruthgarcia@hotmail.com
Cynthia,Baker,cynthiabaker@protonmail.com
Patricia,Cooper,patriciacooper@aol.com
Richard,Stewart,richardstewart@aol.com
Anthony,King,anthonyking@aol.com
Shirley,Allen,shirley.allen@gmail.com
Emily,Gonzalez,emilygonzalez@zoho.com
Ryan,Miller,ryanmiller@icloud.com
Kenneth,Green,kenneth.green@protonmail.com
David,Clark,dclark@mail.com
Kimberly,Torres,ktorres@example.com
Deborah,Cook,dcook@outlook.com
Jason,Martinez,jason.martinez@protonmail.com
Sharon,Martinez,sharon.martinez@outlook.com
Betty,Cook,bettycook@example.com
Jacob,Richardson,jacobrichardson@yahoo.com
Kevin,Mitchell,kevin.mitchell@example.com
Melissa,Garcia,melissagarcia@icloud.com
Jessica,Rivera,jrivera@hotmail.com
Mark,Richardson,mrichardson@aol.com
Amanda,Campbell,amanda.campbell@outlook.com
Michael,Jackson,mjackson@protonmail.com
Elizabeth,Rogers,elizabeth.rogers@zoho.com
Jason,Collins,jason.collins@yahoo.com
Paul,Robinson,paulrobinson@protonmail.com
David,Morris,david.morris@hotmail.com
Anthony,White,anthony.white@mail.com
Melissa,Bell,mbell@hotmail.com
Jacob,Robinson,jacobrobinson@hotmail.com
John,Campbell,john.campbell@protonmail.com
Deborah,Clark,dclark@outlook.com
Susan,Young,susan.young@aol.com
Jonathan,Mitchell,jmitchell@zoho.com
Ruth,Edwards,ruthedwards@example.com
Robert,Cox,robert.cox@outlook.com
Melissa,Mitchell,melissamitchell@outlook.com
Charles,Gray,cgray@zoho.com
Emily,Brown,emilybrown@icloud.com
Mary,Davis,mdavis@zoho.com
Joshua,Ward,joshua.ward@gmail.com
Karen,Stewart,karenstewart@icloud.com
Nicholas,Baker,nicholasbaker@yahoo.com
Donald,Hill,donaldhill@mail.com
Jennifer,Lee,jennifer.lee@zoho.com
Christopher,Walker,cwalker@zoho.com
Dorothy,Miller,dmiller@gmail.com
Patricia,Perez,patricia.perez@gmail.com
Ryan,Davis,ryandavis@aol.com
Rebecca,Cooper,rebeccacooper@hotmail.com
Robert,Ward,rward@mail.com
Christopher,King,christopher.king@gmail.com
Karen,Wright,karenwright@hotmail.com
Jonathan,Reed,jreed@hotmail.com
Shirley,Wilson,shirley.wilson@hotmail.com
Anna,Martinez,amartinez@aol.com
Jacob,Johnson,jacob.johnson@outlook.com
Steven,Reed,steven.reed@yahoo.com
Ronald,Gonzalez,ronald.gonzalez@zoho.com
Angela,Adams,angela.adams@protonmail.com
Jessica,Turner,jturner@gmail.com
Michael,Cooper,michaelcooper@zoho.com
Dorothy,Perez,dorothy.perez@aol.com
Brian,Cooper,bcooper@zoho.com
Laura,Bell,lbell@aol.com
Donna,Hall,donnahall@protonmail.com
Jacob,Hill,jacobhill@zoho.com
Nancy,Ward,nward@hotmail.com
Ruth,Cox,rcox@mail.com
Mary,Ward,mary.ward@outlook.com
Rebecca,Thomas,rebecca.thomas@hotmail.com
Christopher,Johnson,christopher.johnson@protonmail.com
Joseph,Clark,josephclark@example.com
Stephen,Walker,swalker@protonmail.com
Shirley,Allen,shirley.allen@aol.com
Kevin,Ramirez,kevin.ramirez@gmail.com
Eric,Robinson,ericrobinson@aol.com
Amanda,Mitchell,amitchell@example.com
Jessica,Lewis,jessica.lewis@zoho.com
Elizabeth,Carter,elizabeth.carter@mail.com
Ronald,Robinson,ronald.robinson@outlook.com
Ronald,Jones,ronaldjones@gmail.com
Christopher,King,christopher.king@protonmail.com
Anthony,Rodriguez,anthonyrodriguez@protonmail.com
Matthew,Jackson,matthewjackson@hotmail.com
Amy,Evans,aevans@yahoo.com
John,Wilson,jwilson@mail.com
Amanda,Mitchell,amandamitchell@example.com
Jennifer,Martinez,jennifermartinez@protonmail.com
Donald,Adams,dadams@hotmail.com
Gary,Hall,garyhall@example.com
Paul,Scott,pscott@zoho.com
William,Campbell,william.campbell@zoho.com
Nicholas,Perez,nicholas.perez@hotmail.com
Susan,Smith,susan.smith@mail.com
Stephen,Hill,shill@aol.com
Amy,Gonzalez,amygonzalez@protonmail.com
Paul,Thomas,pthomas@aol.com
Karen,Sanchez,karensanchez@example.com
Sandra,Edwards,sandra.edwards@outlook.com
Mark,Robinson,mrobinson@protonmail.com
Ashley,Stewart,ashley.stewart@icloud.com
Mary,Nelson,mnelson@aol.com
Margaret,Gray,margaret.gray@hotmail.com
George,Morris,george.morris@example.com
Anna,Hernandez,annahernandez@mail.com
William,White,wwhite@zoho.com
Richard,Mitchell,richardmitchell@gmail.com
Ronald,Williams,ronaldwilliams@gmail.com
Jonathan,Gray,jgray@outlook.com
Jonathan,Walker,jonathan.walker@aol.com
David,Cox,david.cox@aol.com
Amanda,Allen,amandaallen@hotmail.com
Paul,Rogers,progers@example.com
Daniel,Johnson,djohnson@protonmail.com
Patricia,Adams,patricia.adams@mail.com
Patricia,Sanchez,patriciasanchez@outlook.com
Joseph,Howard,josephhoward@hotmail.com
Eric,King,eric.king@gmail.com
Patricia,Scott,pscott@protonmail.com
John,Campbell,john.campbell@mail.com
Ashley,Peterson,ashleypeterson@icloud.com
Karen,Phillips,karenphillips@zoho.com
Ronald,Campbell,ronaldcampbell@outlook.com
Robert,Hill,roberthill@outlook.com
Kenneth,Roberts,kenneth.roberts@gmail.com
William,Taylor,william.taylor@hotmail.com
Anna,Edwards,annaedwards@icloud.com
Edward,Gonzalez,edward.gonzalez@icloud.com
Kenneth,Bell,kenneth.bell@icloud.com
Matthew,Cook,mcook@yahoo.com
Matthew,Cox,matthewcox@aol.com
Deborah,Garcia,deborahgarcia@yahoo.com
Jennifer,Hill,jennifer.hill@mail.com
Dorothy,Peterson,dorothy.peterson@mail.com
Daniel,Jackson,djackson@mail.com
Paul,Garcia,paul.garcia@hotmail.com
Rebecca,Young,rebeccayoung@yahoo.com
Christopher,Torres,christopher.torres@aol.com
Donald,Garcia,donald.garcia@protonmail.com
Betty,Campbell,bcampbell@zoho.com
Paul,Gonzalez,paulgonzalez@protonmail.com
David,Rodriguez,davidrodriguez@outlook.com
Kathleen,Hill,kathleenhill@gmail.com
Margaret,Davis,margaretdavis@yahoo.com
Eric,Rivera,erivera@zoho.com
Jonathan,Carter,jonathancarter@mail.com
Amanda,Sanchez,asanchez@example.com
Brian,Evans,brianevans@icloud.com
Christopher,Clark,cclark@mail.com
Betty,Rogers,bettyrogers@mail.com
Deborah,Campbell,dcampbell@gmail.com
Eric,Wilson,ericwilson@yahoo.com
Donna,Wilson,dwilson@aol.com
Barbara,Cook,barbara.cook@zoho.com
Donald,White,donaldwhite@gmail.com
Laura,Anderson,landerson@example.com
Jennifer,Campbell,jennifer.campbell@zoho.com
Patricia,Gray,patriciagray@outlook.com
Jessica,Thomas,jessica.thomas@gmail.com
Elizabeth,Harris,elizabethharris@mail.com
Steven,Robinson,steven.robinson@protonmail.com
Susan,Bailey,sbailey@gmail.com
Kevin,Sanchez,kevinsanchez@protonmail.com
Joshua,Moore,joshuamoore@protonmail.com
David,Walker,davidwalker@aol.com
Angela,Taylor,ataylor@aol.com
Joseph,Jones,jjones@protonmail.com
Christopher,Baker,christopher.baker@hotmail.com
Linda,Stewart,linda.stewart@icloud.com
Deborah,Lopez,deborah.lopez@aol.com
Linda,Morris,lmorris@gmail.com
Amy,Cooper,amycooper@protonmail.com
Cynthia,Richardson,cynthia.richardson@yahoo.com
Jacob,Gray,jgray@mail.com
Ryan,Rodriguez,ryanrodriguez@icloud.com
Linda,Lewis,lindalewis@icloud.com
Jacob,Jones,jacob.jones@outlook.com
George,Clark,gclark@outlook.com
Rebecca,Williams,rebeccawilliams@gmail.com
Carol,Mitchell,cmitchell@protonmail.com
Jessica,Harris,jessica.harris@example.com
Andrew,Cooper,andrewcooper@protonmail.com
Linda,Baker,linda.baker@example.com
Paul,Sanchez,paul.sanchez@protonmail.com
Karen,Thompson,karenthompson@yahoo.com
Timothy,Jackson,timothy.jackson@hotmail.com
Jonathan,Wilson,jwilson@yahoo.com
Nancy,Baker,nbaker@zoho.com
Eric,Roberts,ericroberts@aol.com
Christopher,Bailey,christopher.bailey@zoho.com
Kathleen,Gonzalez,kathleen.gonzalez@gmail.com
John,Anderson,john.anderson@yahoo.com
Donna,Cox,donna.cox@aol.com
Joshua,Jackson,jjackson@aol.com
Eric,Walker,eric.walker@example.com
Jason,Morgan,jmorgan@gmail.com
Susan,Wilson,swilson@yahoo.com
Timothy,Peterson,timothypeterson@example.com
Shirley,Bailey,shirley.bailey@outlook.com
Shirley,Davis,sdavis@hotmail.com
Amanda,Hall,amanda.hall@yahoo.com
Betty,Thompson,bettythompson@gmail.com
Joseph,Garcia,joseph.garcia@outlook.com
Anthony,Taylor,ataylor@icloud.com
Timothy,Hernandez,timothyhernandez@gmail.com
Dorothy,Reed,dorothyreed@protonmail.com
Nancy,King,nancy.king@zoho.com
Stephanie,Wright,stephaniewright@example.com
Michael,Peterson,michaelpeterson@yahoo.com
Thomas,Johnson,tjohnson@zoho.com
Robert,Lee,robert.lee@zoho.com
Paul,Campbell,paulcampbell@hotmail.com
Cynthia,Harris,cynthiaharris@gmail.com
James,Howard,jhoward@mail.com
Dorothy,Phillips,dorothyphillips@icloud.com
Donald,Wilson,dwilson@outlook.com
Amanda,Walker,awalker@icloud.com
Jeffrey,Young,jeffreyyoung@zoho.com
Stephen,Cook,stephencook@yahoo.com
Sandra,Hernandez,sandrahernandez@aol.com
Donna,Cooper,dcooper@hotmail.com
Jeffrey,Martin,jmartin@icloud.com
Margaret,Jones,margaret.jones@aol.com
Charles,Howard,charles.howard@hotmail.com
Deborah,Lewis,deborahlewis@example.com
Jacob,Edwards,jedwards@mail.com
Michael,Collins,michaelcollins@mail.com
Deborah,Ward,deborah.ward@hotmail.com
Linda,Howard,linda.howard@gmail.com
Michelle,Hall,michelle.hall@protonmail.com
Dorothy,Davis,dorothydavis@mail.com
Amanda,Parker,amanda.parker@hotmail.com
Michael,Turner,michael.turner@icloud.com
Eric,Collins,eric.collins@hotmail.com
Jeffrey,Edwards,jeffreyedwards@zoho.com
William,Carter,williamcarter@mail.com
Barbara,Perez,barbara.perez@aol.com
Mary,Davis,marydavis@outlook.com
Melissa,Green,mgreen@protonmail.com
Edward,Martinez,edwardmartinez@zoho.com
James,Moore,james.moore@aol.com
Donald,Ward,donaldward@example.com
Deborah,Wright,dwright@example.com
Karen,Roberts,kroberts@gmail.com
Eric,Perez,eperez@protonmail.com
Sharon,Thompson,sharonthompson@hotmail.com
Shirley,Rogers,srogers@yahoo.com
Sharon,Jones,sharon.jones@aol.com
William,Davis,william.davis@icloud.com
Shirley,Edwards,shirleyedwards@mail.com
Charles,Davis,cdavis@hotmail.com
Anthony,Campbell,acampbell@outlook.com
Stephanie,Lee,slee@protonmail.com
Joshua,Lopez,jlopez@gmail.com
Sharon,Morgan,smorgan@zoho.com
Daniel,Ramirez,daniel.ramirez@protonmail.com
Steven,Watson,swatson@protonmail.com
Jennifer,Martin,jennifer.martin@yahoo.com
Joshua,Rogers,jrogers@zoho.com
Mary,Allen,mallen@mail.com
Eric,Hill,erichill@gmail.com
Linda,Campbell,linda.campbell@example.com
Michelle,Martin,mmartin@icloud.com
Laura,Williams,laurawilliams@mail.com
Donald,Lewis,dlewis@gmail.com
David,Adams,david.adams@example.com
Nancy,Clark,nancy.clark@icloud.com
Michael,Rivera,mrivera@gmail.com
Sarah,Cox,sarahcox@outlook.com
Jeffrey,Collins,jcollins@example.com
Angela,Allen,angelaallen@aol.com
Elizabeth,Robinson,erobinson@zoho.com
Andrew,Clark,andrew.clark@gmail.com
Michael,Hall,michaelhall@hotmail.com
Ronald,Lee,ronaldlee@yahoo.com
David,Howard,david.howard@outlook.com
John,Phillips,john.phillips@icloud.com
Sarah,Rogers,srogers@gmail.com
Jason,Hill,jasonhill@mail.com
Ruth,Peterson,rpeterson@yahoo.com
Jennifer,Wilson,jwilson@aol.com
Kimberly,Thompson,kimberlythompson@protonmail.com
Melissa,Green,mgreen@mail.com
Elizabeth,Morgan,elizabeth.morgan@mail.com
Stephanie,Turner,stephanieturner@gmail.com
Kathleen,Torres,kathleentorres@hotmail.com
Anthony,Ramirez,aramirez@protonmail.com
John,Scott,john.scott@mail.com
John,Gonzalez,jgonzalez@protonmail.com
Timothy,Martin,timothy.martin@example.com
Anthony,Nelson,anelson@protonmail.com
Anna,Anderson,anna.anderson@mail.com
Susan,Jackson,susan.jackson@mail.com
Mary,Martinez,marymartinez@example.com
Kevin,James,kevin.james@mail.com
Charles,Mitchell,charlesmitchell@example.com
Kimberly,Phillips,kphillips@outlook.com
Ashley,Rivera,ashley.rivera@gmail.com
Stephen,Wright,stephen.wright@gmail.com
Laura,Miller,lmiller@outlook.com
Kimberly,Baker,kimberlybaker@icloud.com
Betty,Torres,bettytorres@yahoo.com
Mark,Torres,marktorres@icloud.com
Shirley,Sanchez,shirleysanchez@mail.com
Michelle,Allen,michelle.allen@icloud.com
Sarah,Cox,sarahcox@outlook.com
Nancy,Howard,nancyhoward@icloud.com
William,Walker,william.walker@outlook.com
Margaret,Mitchell,mmitchell@icloud.com
Laura,Allen,lauraallen@example.com
Elizabeth,Allen,eallen@zoho.com
Gary,Peterson,gpeterson@outlook.com
Richard,Cook,richardcook@hotmail.com
Elizabeth,Bell,ebell@protonmail.com
Donald,Davis,donalddavis@protonmail.com
Mark,Harris,mark.harris@outlook.com
William,Jackson,william.jackson@aol.com
Rebecca,Bailey,rebeccabailey@aol.com
Barbara,Ramirez,bramirez@outlook.com
Michelle,Mitchell,michellemitchell@example.com
Jennifer,Wright,jennifer.wright@zoho.com
Eric,Smith,esmith@mail.com
Donald,Wilson,donald.wilson@aol.com
Ruth,Parker,ruthparker@outlook.com
Amanda,Davis,amandadavis@hotmail.com
Robert,Hall,roberthall@outlook.com
Michelle,King,michelleking@protonmail.com
Anthony,Jones,ajones@hotmail.com
Andrew,Torres,atorres@outlook.com
Kimberly,Howard,kimberly.howard@yahoo.com
Anna,Taylor,annataylor@example.com
Carol,Ramirez,carol.ramirez@zoho.com
Robert,Wilson,robert.wilson@gmail.com
Deborah,Murphy,dmurphy@protonmail.com
Nancy,Baker,nbaker@yahoo.com
Charles,Edwards,cedwards@example.com
Mark,Young,myoung@mail.com
Donald,Young,donaldyoung@gmail.com
Lisa,King,lking@hotmail.com
Emily,Cooper,emilycooper@protonmail.com
Joshua,Young,joshua.young@aol.com
Sandra,White,sandra.white@outlook.com
Joshua,Thompson,joshuathompson@gmail.com
Paul,Brown,pbrown@aol.com
Shirley,Williams,swilliams@yahoo.com
Emily,Collins,ecollins@gmail.com
Eric,White,ericwhite@mail.com
Elizabeth,Morgan,elizabeth.morgan@example.com
Joshua,Nelson,jnelson@gmail.com
Brian,Rodriguez,brian.rodriguez@outlook.com
Karen,Allen,karenallen@yahoo.com
Amy,Cooper,amycooper@hotmail.com
Emily,Thompson,emily.thompson@protonmail.com
David,Gray,davidgray@protonmail.com
Anna,Hall,ahall@hotmail.com
Melissa,Gray,melissa.gray@icloud.com
Matthew,Brown,matthew.brown@aol.com
Sarah,Morris,sarah.morris@hotmail.com
George,Smith,gsmith@gmail.com
Laura,Anderson,lauraanderson@outlook.com
Amanda,Hernandez,amanda.hernandez@example.com
Jonathan,Jackson,jjackson@aol.com
Laura,Jackson,laura.jackson@hotmail.com
Steven,Miller,smiller@aol.com
Brian,Cox,bcox@yahoo.com
Ruth,Martinez,rmartinez@hotmail.com
Sarah,Howard,sarahhoward@hotmail.com
Ronald,Edwards,ronaldedwards@icloud.com
Eric,Parker,eparker@hotmail.com
Jason,Lopez,jlopez@yahoo.com
John,Roberts,jroberts@icloud.com
Melissa,Perez,melissa.perez@gmail.com
Angela,Bailey,abailey@aol.com
Dorothy,Morris,dorothymorris@gmail.com
Kathleen,Howard,kathleenhoward@outlook.com
Matthew,Morris,matthew.morris@icloud.com
Linda,Clark,lclark@gmail.com
Edward,Johnson,ejohnson@zoho.com
Elizabeth,Thomas,elizabeth.thomas@mail.com
Michelle,Thompson,mthompson@zoho.com
Shirley,Smith,ssmith@hotmail.com
Christopher,Rogers,christopherrogers@outlook.com
Betty,Carter,bcarter@protonmail.com
Stephen,Green,stephen.green@protonmail.com
Elizabeth,Walker,elizabeth.walker@aol.com
Stephanie,Taylor,staylor@gmail.com
Thomas,Scott,thomasscott@icloud.com
Michael,Perez,michael.perez@zoho.com
Christopher,Turner,christopher.turner@aol.com
Stephen,Baker,stephenbaker@outlook.com
Charles,Adams,charlesadams@yahoo.com
Anna,Baker,anna.baker@aol.com
James,Morgan,jamesmorgan@outlook.com
Michael,Hernandez,michael.hernandez@outlook.com
Lisa,Reed,lisa.reed@icloud.com
Cynthia,Gonzalez,cynthia.gonzalez@gmail.com
Laura,Campbell,lcampbell@protonmail.com
Eric,Davis,ericdavis@outlook.com
Sarah,Williams,sarah.williams@hotmail.com
Dorothy,Bell,dorothy.bell@hotmail.com
Mark,Peterson,mark.peterson@mail.com
John,Rodriguez,john.rodriguez@icloud.com
Gary,Parker,gary.parker@protonmail.com
Eric,Turner,ericturner@zoho.com
Emily,Bailey,emilybailey@aol.com
George,Morris,gmorris@zoho.com
William,Rivera,williamrivera@hotmail.com
Paul,Harris,pharris@icloud.com
Michael,Hernandez,michaelhernandez@hotmail.com
David,Parker,david.parker@aol.com
Eric,Allen,ericallen@protonmail.com
Amy,White,amywhite@mail.com
George,Jackson,gjackson@gmail.com
Betty,Taylor,betty.taylor@outlook.com
Shirley,Collins,shirleycollins@example.com
Shirley,Jones,sjones@example.com
Andrew,Martin,andrew.martin@mail.com
Karen,Harris,karenharris@aol.com
Ryan,Martinez,ryan.martinez@yahoo.com
Paul,Ward,pward@mail.com
Sharon,Perez,sharonperez@gmail.com
Joseph,Brown,jbrown@protonmail.com
Lisa,Carter,lisacarter@gmail.com
Ryan,Edwards,ryan.edwards@zoho.com
Ronald,Bell,rbell@yahoo.com
William,Clark,william.clark@zoho.com
Melissa,Cook,melissa.cook@icloud.com
Emily,Rogers,emily.rogers@gmail.com
Jonathan,Murphy,jonathanmurphy@yahoo.com
Brian,Ramirez,brianramirez@example.com
Thomas,Ramirez,thomasramirez@aol.com
Margaret,Miller,margaretmiller@mail.com
Margaret,Thompson,margaret.thompson@mail.com
Jacob,Torres,jacob.torres@hotmail.com
Stephen,Taylor,staylor@aol.com
Patricia,Richardson,prichardson@aol.com
Patricia,Lopez,patricialopez@yahoo.com
Donald,Wright,donaldwright@hotmail.com
Mark,Wright,markwright@example.com
Jeffrey,Torres,jeffreytorres@protonmail.com
Jeffrey,Ward,jeffrey.ward@yahoo.com
Ruth,Sanchez,ruth.sanchez@protonmail.com
Stephen,Thomas,stephenthomas@icloud.com
Gary,James,gjames@protonmail.com
Jason,Thomas,jasonthomas@yahoo.com
James,Jackson,jamesjackson@yahoo.com
Steven,Martin,smartin@outlook.com
Nancy,Clark,nclark@zoho.com
Shirley,Miller,shirleymiller@icloud.com
Kathleen,Clark,kathleen.clark@example.com
Donald,Adams,donald.adams@aol.com
Sharon,Davis,sharon.davis@gmail.com
Rebecca,Lopez,rlopez@zoho.com
Deborah,Baker,deborahbaker@yahoo.com
George,Baker,george.baker@gmail.com
Ashley,Clark,ashleyclark@aol.com
Stephen,Martin,stephen.martin@aol.com
Elizabeth,Campbell,elizabeth.campbell@hotmail.com
Kathleen,Jones,kathleenjones@zoho.com
Carol,Hall,chall@yahoo.com
William,Thomas,william.thomas@icloud.com
Kenneth,Williams,kwilliams@aol.com
Sharon,Martinez,sharonmartinez@zoho.com
Dorothy,Howard,dhoward@gmail.com
Charles,Carter,charles.carter@outlook.com
Andrew,Wilson,andrew.wilson@mail.com
Betty,Carter,bettycarter@zoho.com
Kathleen,Collins,kcollins@outlook.com
Jonathan,Wilson,jonathan.wilson@example.com
Michael,Hernandez,michael.hernandez@aol.com
David,Taylor,davidtaylor@example.com
Susan,Morgan,susanmorgan@zoho.com
Jonathan,Wright,jonathan.wright@yahoo.com
Charles,Murphy,charles.murphy@zoho.com
Donna,Bell,dbell@hotmail.com
Kathleen,Young,kyoung@protonmail.com
Rebecca,Edwards,redwards@yahoo.com
Jessica,Allen,jessicaallen@protonmail.com
Anna,James,ajames@outlook.com
Sandra,Wilson,sandrawilson@zoho.com
Anthony,Ramirez,aramirez@example.com
Jason,Collins,jason.collins@gmail.com
Thomas,Cooper,tcooper@mail.com
Brian,Allen,brianallen@zoho.com
Kevin,Davis,kdavis@yahoo.com
Cynthia,Martinez,cmartinez@aol.com
James,Robinson,james.robinson@outlook.com
Sandra,Morgan,sandramorgan@zoho.com
Donna,Jones,donna.jones@icloud.com
Susan,Scott,susanscott@hotmail.com
Margaret,Harris,mharris@aol.com
Linda,Watson,linda.watson@zoho.com
Ashley,White,ashley.white@icloud.com
Rebecca,Wright,rwright@icloud.com
Daniel,Johnson,danieljohnson@hotmail.com
Joseph,Lopez,joseph.lopez@protonmail.com
